{
  "6": {
    "M": 6,
    "N": 216,
    "seed": 7,
    "DP_max": 0.5619264890850714,
    "DP_max_axes": {
      "x": 0.547288101014021,
      "y": 0.5146176348145733,
      "z": 0.5619264890850714
    }
  }
}